Connector,Pin,Signal
J1,1,+5V_IN
J1,2,GND
J1,3,+5V_IN
J1,4,GND
J1,5,ADC01
J1,6,ADC02
J1,7,ADC03
J1,8,ADC04
J1,9,GND
J1,10,GND
J1,11,ADC05
J1,12,ADC06
J1,13,ADC07
J1,14,ADC08
J1,15,GND
J1,16,GND
J1,17,ADC09
J1,18,ADC10
J1,19,ADC11
J1,20,ADC12
J1,21,SCI1_TX
J1,22,SCI1_RX
J1,23,SCI2_TX
J1,24,SCI2_RX
J1,25,SCI3_TX
J1,26,SCI3_RX
J1,27,CAN1_H
J1,28,CAN1_L
J1,29,CAN2_H
J1,30,CAN2_L
J1,31,COMM_READY
J1,32,NC
J1,33,+3V3_SENSE
J1,34,XRSn
J1,35,BOOT_GPIO24
J1,36,BOOT_GPIO32
J1,37,TCK
J1,38,TMS
J1,39,TDI
J1,40,TDO
J1,41,I2C_SDA
J1,42,I2C_SCL
J1,43,GND
J1,44,GND
J2,1,+5V_IN
J2,2,GND
J2,3,+5V_IN
J2,4,GND
J2,5,PWM1_H
J2,6,PWM1_L
J2,7,PWM2_H
J2,8,PWM2_L
J2,9,PWM3_H
J2,10,PWM3_L
J2,11,GND
J2,12,GND
J2,13,PWM4_H
J2,14,PWM4_L
J2,15,PWM5_H
J2,16,PWM5_L
J2,17,PWM6_H
J2,18,PWM6_L
J2,19,PWR_STAGE_EN
J2,20,FAULTn
J2,21,PWM_MODE0
J2,22,PWM_MODE1
J2,23,DI1
J2,24,DI2
J2,25,DI3
J2,26,DI4
J2,27,NC
J2,28,NC
J2,29,NC
J2,30,NC
J2,31,DO1
J2,32,DO2
J2,33,DO3
J2,34,DO4
J2,35,NC
J2,36,NC
J2,37,NC
J2,38,NC
J2,39,GND
J2,40,GND
J2,41,SPI_EXT_MOSI
J2,42,SPI_EXT_MISO
J2,43,SPI_EXT_SCK
J2,44,SPI_EXT_CSn
